[{"id":"1","0":"1","name":"Tottanham","1":"Tottanham","logo":"img\\tottanham.png","2":"img\\tottanham.png"},{"id":"2","0":"2","name":"Leicter City","1":"Leicter City","logo":"img\\leicter_city.png","2":"img\\leicter_city.png"},{"id":"3","0":"3","name":"Borussia Dorthmund","1":"Borussia Dorthmund","logo":"","2":""},{"id":"4","0":"4","name":"Bayern Munchen","1":"Bayern Munchen","logo":"","2":""},{"id":"5","0":"5","name":"Chelsea","1":"Chelsea","logo":"","2":""},{"id":"6","0":"6","name":"Manchester United","1":"Manchester United","logo":"","2":""},{"id":"7","0":"7","name":"Manchester City","1":"Manchester City","logo":"","2":""},{"id":"8","0":"8","name":"Liverpool","1":"Liverpool","logo":"","2":""},{"id":"9","0":"9","name":"Bayer Liverkusen","1":"Bayer Liverkusen","logo":"","2":""},{"id":"10","0":"10","name":"Inter","1":"Inter","logo":"","2":""},{"id":"11","0":"11","name":"Juventus","1":"Juventus","logo":"","2":""},{"id":"12","0":"12","name":"AS Roma","1":"AS Roma","logo":"","2":""},{"id":"13","0":"13","name":"FC Barcelona","1":"FC Barcelona","logo":"","2":""},{"id":"14","0":"14","name":"Real Madrid","1":"Real Madrid","logo":"","2":""},{"id":"15","0":"15","name":"Athletico Madrid","1":"Athletico Madrid","logo":"","2":""},{"id":"16","0":"16","name":"Valencia","1":"Valencia","logo":"","2":""},{"id":"17","0":"17","name":"PSG","1":"PSG","logo":"","2":""},{"id":"18","0":"18","name":"FC Porto","1":"FC Porto","logo":"","2":""},{"id":"19","0":"19","name":"Zenith St, Piterbourgh","1":"Zenith St, Piterbourgh","logo":"","2":""},{"id":"20","0":"20","name":"CSKA Moscow","1":"CSKA Moscow","logo":"","2":""},{"id":"21","0":"21","name":"Arsenal","1":"Arsenal","logo":"","2":""},{"id":"24","0":"24","name":"SL Benfica","1":"SL Benfica","logo":"","2":""},{"id":"25","0":"25","name":"FC Schalke","1":"FC Schalke","logo":"","2":""},{"id":"26","0":"26","name":"Napoli","1":"Napoli","logo":"0","2":"0"},{"id":"27","0":"27","name":"AC Milan","1":"AC Milan","logo":"0","2":"0"},{"id":"28","0":"28","name":"AC Fiorentina","1":"AC Fiorentina","logo":"0","2":"0"},{"id":"29","0":"29","name":"FC Shakhtar","1":"FC Shakhtar","logo":"0","2":"0"},{"id":"30","0":"30","name":"Southampton","1":"Southampton","logo":"0","2":"0"},{"id":"31","0":"31","name":"Everton","1":"Everton","logo":"0","2":"0"}]